"","p_val","avg_log2FC","pct.1","pct.2","p_val_adj","cluster","gene"
"IL7R",3.80597748471038e-197,0.946202221015904,0.623,0.114,3.80597748471038e-194,"CD4+ T cell","IL7R"
"LTB",4.07102734601882e-144,0.946761678109934,0.583,0.152,4.07102734601882e-141,"CD4+ T cell","LTB"
"RCAN3",7.12461923509432e-131,0.484514089742631,0.315,0.023,7.12461923509432e-128,"CD4+ T cell","RCAN3"
"PIK3IP1",2.05977326957544e-58,0.436665217536306,0.377,0.131,2.05977326957544e-55,"CD4+ T cell","PIK3IP1"
"OXNAD1",7.50808725084198e-58,0.378081004393405,0.268,0.065,7.50808725084199e-55,"CD4+ T cell","OXNAD1"
"TOB1",1.43646942536076e-43,0.361509890302731,0.272,0.087,1.43646942536076e-40,"CD4+ T cell","TOB1"
"FOS",1.74650815275653e-11,0.313780175419779,0.442,0.332,1.74650815275653e-08,"CD4+ T cell","FOS"
"CCL5",0,1.98976288627573,0.985,0.369,0,"Cytotoxic T cell","CCL5"
"GZMH",4.31030694076583e-215,1.02549844801897,0.604,0.095,4.31030694076583e-212,"Cytotoxic T cell","GZMH"
"GZMB",3.83344731252349e-103,0.537111090164504,0.479,0.124,3.83344731252349e-100,"Cytotoxic T cell","GZMB"
"GNLY",1.9733549318933e-97,1.33550692079605,0.62,0.278,1.9733549318933e-94,"Cytotoxic T cell","GNLY"
"CD8B",6.05760224261097e-79,0.441116829188535,0.308,0.062,6.05760224261097e-76,"Cytotoxic T cell","CD8B"
"TRGC2",2.07512465320031e-78,0.36901016957182,0.251,0.033,2.07512465320031e-75,"Cytotoxic T cell","TRGC2"
"C1orf21",8.05994679786941e-68,0.339906787477603,0.267,0.052,8.05994679786941e-65,"Cytotoxic T cell","C1orf21"
"PYHIN1",3.18220063508164e-63,0.38918001893233,0.317,0.086,3.18220063508164e-60,"Cytotoxic T cell","PYHIN1"
"C12orf75",6.21462361514627e-61,0.330150016837274,0.283,0.069,6.21462361514627e-58,"Cytotoxic T cell","C12orf75"
"LYAR",1.62073358353326e-57,0.384501119826833,0.359,0.122,1.62073358353326e-54,"Cytotoxic T cell","LYAR"
"GBP5",3.07734922750064e-49,0.348449333352583,0.31,0.106,3.07734922750064e-46,"Cytotoxic T cell","GBP5"
"ANXA1",2.23447152968935e-43,0.36868662047264,0.487,0.244,2.23447152968935e-40,"Cytotoxic T cell","ANXA1"
"MYBL1",7.80840982607162e-36,0.289308768708915,0.257,0.093,7.80840982607162e-33,"Cytotoxic T cell","MYBL1"
"CD2",1.31385756357891e-34,0.299798263343993,0.317,0.135,1.31385756357891e-31,"Cytotoxic T cell","CD2"
"AP000769.1",7.10767223421279e-23,0.33990113750515,0.535,0.354,7.10767223421279e-20,"Cytotoxic T cell","AP000769.1"
"KLRF1",7.75804952782615e-106,0.593023923531241,0.395,0.03,7.75804952782615e-103,"Natural killer cell","KLRF1"
"GNLY1",2.55426403091653e-105,2.26313562270447,0.995,0.368,2.55426403091653e-102,"Natural killer cell","GNLY"
"GZMB1",6.68714595081115e-93,1.38497303607145,0.838,0.219,6.68714595081115e-90,"Natural killer cell","GZMB"
"KIR2DL1",1.01807102316974e-90,0.482345053022672,0.308,0.02,1.01807102316974e-87,"Natural killer cell","KIR2DL1"
"CMC1",5.64900559890481e-64,0.641729821710864,0.427,0.067,5.64900559890481e-61,"Natural killer cell","CMC1"
"SPON2",4.55300793713122e-61,0.646734662783535,0.378,0.057,4.55300793713122e-58,"Natural killer cell","SPON2"
"S1PR5",3.56770754239986e-54,0.559184974600576,0.459,0.092,3.56770754239986e-51,"Natural killer cell","S1PR5"
"FCGR3A",5.24152576121829e-49,0.523804063821514,0.4,0.075,5.24152576121829e-46,"Natural killer cell","FCGR3A"
"TRDC",8.82018945814775e-48,0.541372030678341,0.33,0.052,8.82018945814775e-45,"Natural killer cell","TRDC"
"CCL4",3.68616213046986e-37,0.506821066323264,0.362,0.081,3.68616213046986e-34,"Natural killer cell","CCL4"
"HSH2D",2.17914760597971e-34,0.444231873426233,0.438,0.12,2.17914760597971e-31,"Natural killer cell","HSH2D"
"HOPX",5.17560829372942e-26,0.416669112805266,0.378,0.113,5.17560829372942e-23,"Natural killer cell","HOPX"
"CCL51",2.49222391926569e-22,0.789682229830487,0.87,0.58,2.49222391926569e-19,"Natural killer cell","CCL5"
"KLRB1",1.06401477181876e-20,0.356709183852733,0.319,0.095,1.06401477181876e-17,"Natural killer cell","KLRB1"
"GK5",3.54198219414086e-20,0.368244706358349,0.297,0.09,3.54198219414086e-17,"Natural killer cell","GK5"
"GZMH1",2.32588696688811e-18,0.427634188205452,0.578,0.265,2.32588696688811e-15,"Natural killer cell","GZMH"
"CEP78",3.27241900845996e-17,0.386383984879162,0.319,0.111,3.27241900845996e-14,"Natural killer cell","CEP78"
"C1orf211",2.18268756760136e-16,0.36872995702715,0.324,0.12,2.18268756760136e-13,"Natural killer cell","C1orf21"
"PYHIN11",2.31801253710087e-16,0.359675174707919,0.389,0.158,2.31801253710087e-13,"Natural killer cell","PYHIN1"
"ALOX5AP",3.55110468496994e-14,0.267244548909942,0.292,0.107,3.55110468496994e-11,"Natural killer cell","ALOX5AP"
"DSTN",4.45946862462991e-07,0.259332464191619,0.324,0.179,0.000445946862462991,"Natural killer cell","DSTN"
"S100A9",7.4544148950962e-149,1.05884684450317,0.534,0.051,7.4544148950962e-146,"CD14+ monocyte","S100A9"
"LYZ",1.57186448992713e-83,0.525489731102307,0.435,0.061,1.57186448992713e-80,"CD14+ monocyte","LYZ"
"S100A8",3.46998968935834e-66,0.70969835734835,0.319,0.042,3.46998968935834e-63,"CD14+ monocyte","S100A8"
"GPANK1",8.02402920464175e-28,0.539909735935513,0.293,0.081,8.02402920464175e-25,"CD14+ monocyte","GPANK1"
"SERAC1",5.95534730100351e-22,0.500030992782371,0.284,0.09,5.95534730100351e-19,"CD14+ monocyte","SERAC1"
"PSAP",1.05715358671313e-19,0.398701817759593,0.517,0.248,1.05715358671313e-16,"CD14+ monocyte","PSAP"
"LST1",5.16912221206643e-240,2.10151265270799,0.879,0.067,5.16912221206643e-237,"CD16+ monocyte","LST1"
"AIF1",2.13324669106005e-215,1.98567583838694,0.779,0.055,2.13324669106005e-212,"CD16+ monocyte","AIF1"
"CDKN1C",1.29459590350361e-212,0.771045965937377,0.45,0.009,1.29459590350361e-209,"CD16+ monocyte","CDKN1C"
"CFD",1.361593626662e-209,0.854467442971616,0.483,0.013,1.361593626662e-206,"CD16+ monocyte","CFD"
"MS4A7",2.13637753664551e-156,0.737894242894445,0.356,0.009,2.13637753664551e-153,"CD16+ monocyte","MS4A7"
"MAFB",1.41863632306977e-152,0.765885978022957,0.356,0.009,1.41863632306977e-149,"CD16+ monocyte","MAFB"
"PECAM1",3.30898840465899e-146,0.863005671528877,0.49,0.028,3.30898840465899e-143,"CD16+ monocyte","PECAM1"
"LILRB2",6.62869763850408e-120,0.543070015576423,0.322,0.012,6.62869763850408e-117,"CD16+ monocyte","LILRB2"
"COTL1",4.0300278455906e-114,1.51174829328484,0.765,0.122,4.0300278455906e-111,"CD16+ monocyte","COTL1"
"CST3",3.56398544851959e-111,0.837586568042544,0.611,0.067,3.56398544851959e-108,"CD16+ monocyte","CST3"
"POU2F2",1.7069486002021e-110,0.810025319446276,0.557,0.057,1.7069486002021e-107,"CD16+ monocyte","POU2F2"
"PSAP1",1.02445717561271e-103,1.78518446489687,0.893,0.237,1.02445717561271e-100,"CD16+ monocyte","PSAP"
"SLC11A1",6.18620631938567e-98,0.428436768781595,0.282,0.012,6.18620631938567e-95,"CD16+ monocyte","SLC11A1"
"FGR",2.02904013614248e-93,0.547958309512656,0.396,0.031,2.02904013614248e-90,"CD16+ monocyte","FGR"
"TYMP",4.46543857625924e-91,0.691938656243824,0.463,0.047,4.46543857625924e-88,"CD16+ monocyte","TYMP"
"HCK",7.02833540169855e-91,0.463540569737511,0.255,0.01,7.02833540169855e-88,"CD16+ monocyte","HCK"
"CLEC7A",2.08496581778167e-90,0.447803546810145,0.302,0.016,2.08496581778167e-87,"CD16+ monocyte","CLEC7A"
"CYBB",5.91119007333222e-90,0.588200628164625,0.369,0.028,5.91119007333222e-87,"CD16+ monocyte","CYBB"
"FCGR3A1",2.38827970746265e-80,1.03232720367455,0.523,0.073,2.38827970746265e-77,"CD16+ monocyte","FCGR3A"
"IFITM3",5.91982857616583e-76,1.36423869565331,0.638,0.125,5.91982857616583e-73,"CD16+ monocyte","IFITM3"
"TIMP1",3.22146561242002e-66,0.740896712922941,0.443,0.061,3.22146561242002e-63,"CD16+ monocyte","TIMP1"
"NAMPT",1.32510870279149e-51,0.607611800648878,0.369,0.054,1.32510870279149e-48,"CD16+ monocyte","NAMPT"
"ITGAX",1.63690247445933e-51,0.415476505609477,0.268,0.027,1.63690247445933e-48,"CD16+ monocyte","ITGAX"
"CEBPB",1.56108555173621e-47,0.457576303856854,0.315,0.042,1.56108555173621e-44,"CD16+ monocyte","CEBPB"
"WARS",9.94943208679242e-42,0.456691345454897,0.315,0.048,9.94943208679242e-39,"CD16+ monocyte","WARS"
"VASP",2.57559726177491e-39,0.476158921445886,0.322,0.053,2.57559726177491e-36,"CD16+ monocyte","VASP"
"FTL",8.18768110751091e-35,1.94190857906162,0.919,0.806,8.18768110751091e-32,"CD16+ monocyte","FTL"
"MTSS1",1.38464177300718e-31,0.43928868947895,0.282,0.049,1.38464177300718e-28,"CD16+ monocyte","MTSS1"
"CCDC88A",4.36573485364101e-24,0.280524855058354,0.255,0.05,4.36573485364101e-21,"CD16+ monocyte","CCDC88A"
"LYZ1",5.23381304252346e-20,0.26410033889179,0.295,0.078,5.23381304252346e-17,"CD16+ monocyte","LYZ"
"RGS2",2.45504893913882e-13,0.399251943084711,0.329,0.125,2.45504893913882e-10,"CD16+ monocyte","RGS2"
"FOS1",6.12544931376048e-12,0.442868168909083,0.631,0.349,6.12544931376048e-09,"CD16+ monocyte","FOS"
"LYST",1.18675259573276e-11,0.463454112334099,0.302,0.122,1.18675259573276e-08,"CD16+ monocyte","LYST"
"ANXA5",1.2284365561256e-11,0.347447281452567,0.302,0.119,1.2284365561256e-08,"CD16+ monocyte","ANXA5"
"HLA-DRA",0,1.66204493720692,0.864,0.115,0,"B cell","HLA-DRA"
"IGHM",0,1.62878150767077,0.667,0.014,0,"B cell","IGHM"
"MS4A1",0,1.51956845621964,0.683,0.014,0,"B cell","MS4A1"
"CD79A",0,1.14539918575151,0.595,0.007,0,"B cell","CD79A"
"BANK1",2.38255252729368e-304,1.01825041441046,0.52,0.008,2.38255252729368e-301,"B cell","BANK1"
"IGHD",1.24998130383809e-301,1.0833513374865,0.497,0.005,1.24998130383809e-298,"B cell","IGHD"
"IGKC",1.27221847324371e-275,2.04122309597269,0.568,0.029,1.27221847324371e-272,"B cell","IGKC"
"CD74",1.2184271628885e-262,2.48220057027774,0.983,0.37,1.2184271628885e-259,"B cell","CD74"
"LINC00926",2.87265312971261e-252,0.717911920563256,0.432,0.006,2.87265312971261e-249,"B cell","LINC00926"
"HLA-DRB1",1.91978746452738e-227,1.5196138697839,0.857,0.195,1.91978746452738e-224,"B cell","HLA-DRB1"
"IGLC2",2.31739132787085e-172,1.05277719022553,0.314,0.007,2.31739132787085e-169,"B cell","IGLC2"
"RALGPS2",4.00581645007884e-169,0.602064246820299,0.333,0.011,4.00581645007884e-166,"B cell","RALGPS2"
"HLA-DQA1",1.9306936889681e-151,0.502186386857186,0.319,0.013,1.9306936889681e-148,"B cell","HLA-DQA1"
"CD83",6.45614626561905e-145,0.761616896500148,0.4,0.038,6.45614626561905e-142,"B cell","CD83"
"ADAM28",7.47831760264907e-134,0.445534973104553,0.279,0.011,7.47831760264907e-131,"B cell","ADAM28"
"HLA-DQB1",1.02777590440068e-128,0.522794071516888,0.361,0.032,1.02777590440068e-125,"B cell","HLA-DQB1"
"HLA-DMB",3.1096373185021e-124,0.530197533922095,0.365,0.037,3.1096373185021e-121,"B cell","HLA-DMB"
"MEF2C",2.03290428871214e-115,0.563537460884108,0.331,0.032,2.03290428871214e-112,"B cell","MEF2C"
"IRF8",1.46427447590995e-79,0.348821235823294,0.252,0.027,1.46427447590995e-76,"B cell","IRF8"
"HLA-DPA1",7.09180540801562e-75,0.551981562160852,0.488,0.143,7.09180540801562e-72,"B cell","HLA-DPA1"
"HLA-DMA",2.20513784163551e-68,0.403042882914404,0.283,0.046,2.20513784163551e-65,"B cell","HLA-DMA"
"HLA-DPB1",4.13959357936233e-68,0.579447317717918,0.541,0.188,4.13959357936233e-65,"B cell","HLA-DPB1"
"PELI1",3.27241509545512e-53,0.430655814516732,0.285,0.064,3.27241509545512e-50,"B cell","PELI1"
"PRDM2",2.06812467804067e-27,0.368240492207059,0.331,0.138,2.06812467804067e-24,"B cell","PRDM2"
"PARP14",2.75490658422703e-26,0.350937771380279,0.302,0.12,2.75490658422703e-23,"B cell","PARP14"
"LGALS2",6.08654309060583e-253,0.882652735587726,0.478,0.002,6.08654309060583e-250,"Dendritic cell","LGALS2"
"CPVL",2.06213223300579e-124,1.69544111893335,0.5,0.013,2.06213223300579e-121,"Dendritic cell","CPVL"
"FCER1A",1.09442848564086e-121,0.75685215617034,0.283,0.003,1.09442848564086e-118,"Dendritic cell","FCER1A"
"SHTN1",5.40088878135689e-121,0.773873280610816,0.326,0.004,5.40088878135689e-118,"Dendritic cell","SHTN1"
"LYZ2",3.94273225310938e-115,3.39730507618998,0.978,0.075,3.94273225310938e-112,"Dendritic cell","LYZ"
"CST31",1.11152478890955e-111,3.97312252024884,0.978,0.08,1.11152478890955e-108,"Dendritic cell","CST3"
"RP11-1143G9.4",7.24194661788414e-95,1.07578550319149,0.391,0.01,7.24194661788414e-92,"Dendritic cell","RP11-1143G9.4"
"GRN",8.7774147174523e-89,0.892907826781493,0.565,0.027,8.7774147174523e-86,"Dendritic cell","GRN"
"FGL2",1.2349602015583e-81,0.993664009690538,0.565,0.03,1.2349602015583e-78,"Dendritic cell","FGL2"
"CCDC88A1",3.99105919298655e-68,1.30038996887557,0.652,0.051,3.99105919298655e-65,"Dendritic cell","CCDC88A"
"HLA-DQB11",9.74682930419643e-67,1.94976781239909,0.739,0.071,9.74682930419643e-64,"Dendritic cell","HLA-DQB1"
"FCGRT",2.29457093711888e-65,0.749211226376547,0.413,0.02,2.29457093711888e-62,"Dendritic cell","FCGRT"
"RAB31",4.75210238900509e-65,0.76247635170706,0.435,0.022,4.75210238900509e-62,"Dendritic cell","RAB31"
"HLA-DMA1",5.46372514237867e-65,1.44217922532279,0.739,0.072,5.46372514237867e-62,"Dendritic cell","HLA-DMA"
"HLA-DQA11",7.1230604072942e-55,1.32807352756129,0.587,0.051,7.1230604072942e-52,"Dendritic cell","HLA-DQA1"
"TGFBI",9.87733912838835e-55,0.462874530931397,0.261,0.009,9.87733912838835e-52,"Dendritic cell","TGFBI"
"AIF11",1.7835015134578e-49,1.27785621736303,0.696,0.08,1.7835015134578e-46,"Dendritic cell","AIF1"
"MPEG1",2.10791007834593e-49,0.57961229455725,0.326,0.016,2.10791007834593e-46,"Dendritic cell","MPEG1"
"JAML",3.06656727360431e-49,1.02540334622852,0.543,0.05,3.06656727360431e-46,"Dendritic cell","JAML"
"HLA-DPA11",1.57126184579296e-48,2.89712092967941,0.935,0.184,1.57126184579296e-45,"Dendritic cell","HLA-DPA1"
"TNFAIP2",5.84572770962418e-48,0.515972434663847,0.326,0.017,5.84572770962418e-45,"Dendritic cell","TNFAIP2"
"HLA-DRA1",2.80760211213663e-46,3.2710096612378,0.957,0.216,2.80760211213663e-43,"Dendritic cell","HLA-DRA"
"NCF2",3.37343160350154e-46,0.469132678596858,0.326,0.017,3.37343160350154e-43,"Dendritic cell","NCF2"
"HLA-DPB11",5.39220649663669e-42,2.93984504250285,0.935,0.23,5.39220649663669e-39,"Dendritic cell","HLA-DPB1"
"HLA-DMB1",4.67273048473505e-41,1.31028013214113,0.609,0.078,4.67273048473506e-38,"Dendritic cell","HLA-DMB"
"CEBPD",8.25030443316263e-41,0.447209935768104,0.304,0.017,8.25030443316263e-38,"Dendritic cell","CEBPD"
"HLA-DRB11",1.1615087709952e-40,3.22066574011723,1,0.283,1.1615087709952e-37,"Dendritic cell","HLA-DRB1"
"LST11",7.69196748328522e-40,1.02050796175712,0.696,0.096,7.69196748328522e-37,"Dendritic cell","LST1"
"CSF3R",1.57503557257096e-38,0.336992845249807,0.261,0.013,1.57503557257096e-35,"Dendritic cell","CSF3R"
"CAPS2",6.8180516611457e-37,0.900413182275357,0.457,0.046,6.8180516611457e-34,"Dendritic cell","CAPS2"
"ZMIZ1",5.64080453507891e-31,0.473143261988314,0.261,0.017,5.64080453507891e-28,"Dendritic cell","ZMIZ1"
"LGALS9",8.76481718229454e-30,0.591467304437139,0.413,0.046,8.76481718229454e-27,"Dendritic cell","LGALS9"
"C1orf162",6.84770820326196e-29,0.874918445200642,0.478,0.065,6.84770820326196e-26,"Dendritic cell","C1orf162"
"IL17RA",1.51830097158683e-27,0.373059036573804,0.283,0.023,1.51830097158683e-24,"Dendritic cell","IL17RA"
"CD741",7.96112469757913e-27,3.23036790609004,0.978,0.454,7.96112469757914e-24,"Dendritic cell","CD74"
"COTL11",1.27073649986685e-26,1.33527801215062,0.674,0.144,1.27073649986685e-23,"Dendritic cell","COTL1"
"AREG",1.59345953599656e-26,1.35581851804419,0.391,0.047,1.59345953599656e-23,"Dendritic cell","AREG"
"LMNA",2.08075277978635e-26,0.624093451714945,0.348,0.037,2.08075277978635e-23,"Dendritic cell","LMNA"
"CLEC7A1",8.15773611257154e-25,0.433035354041181,0.283,0.026,8.15773611257154e-22,"Dendritic cell","CLEC7A"
"FOS2",1.16555417597259e-24,2.04765704349925,0.957,0.354,1.16555417597259e-21,"Dendritic cell","FOS"
"RNF130",1.83700989662655e-23,0.57399356399528,0.304,0.032,1.83700989662655e-20,"Dendritic cell","RNF130"
"RGS10",3.53904264494834e-20,0.94071098672529,0.522,0.108,3.53904264494834e-17,"Dendritic cell","RGS10"
"RGS21",3.92689105973737e-19,1.20101679124647,0.543,0.128,3.92689105973737e-16,"Dendritic cell","RGS2"
"FCN1",1.05784296298228e-18,0.512585771211935,0.261,0.03,1.05784296298228e-15,"Dendritic cell","FCN1"
"MAP3K8",2.14205532560211e-18,0.753815922343004,0.565,0.137,2.14205532560211e-15,"Dendritic cell","MAP3K8"
"ITGAX1",2.1573471020178e-18,0.393226207086536,0.283,0.035,2.1573471020178e-15,"Dendritic cell","ITGAX"
"TYMP1",4.76426644195506e-17,0.480710354836376,0.37,0.062,4.76426644195506e-14,"Dendritic cell","TYMP"
"GPRIN3",1.96813735866698e-16,0.561079934517666,0.391,0.073,1.96813735866698e-13,"Dendritic cell","GPRIN3"
"FOSB",4.8696681138661e-16,0.534660746288643,0.413,0.079,4.8696681138661e-13,"Dendritic cell","FOSB"
"FKBP1A",6.18995976558074e-16,0.442426087060664,0.391,0.072,6.18995976558074e-13,"Dendritic cell","FKBP1A"
"UPF2",6.60624042747892e-16,0.648363127052894,0.413,0.085,6.60624042747892e-13,"Dendritic cell","UPF2"
"SYK",7.24579087811686e-16,0.545229300531586,0.261,0.035,7.24579087811686e-13,"Dendritic cell","SYK"
"S100A91",1.0868072187272e-15,0.59064315831288,0.413,0.081,1.0868072187272e-12,"Dendritic cell","S100A9"
"PPT1",2.86560112317343e-15,0.700257167565498,0.304,0.05,2.86560112317343e-12,"Dendritic cell","PPT1"
"ANXA51",4.65651013156384e-15,0.788681735939662,0.478,0.122,4.65651013156384e-12,"Dendritic cell","ANXA5"
"IRF81",5.36448513087506e-15,0.835716206482427,0.326,0.056,5.36448513087506e-12,"Dendritic cell","IRF8"
"CPNE3",3.72401713835891e-14,0.844155006896321,0.283,0.046,3.72401713835891e-11,"Dendritic cell","CPNE3"
"ADAM281",2.47151310068435e-13,0.495150166694567,0.283,0.047,2.47151310068435e-10,"Dendritic cell","ADAM28"
"KLF10",3.1937154857786e-13,0.450156173648076,0.304,0.055,3.1937154857786e-10,"Dendritic cell","KLF10"
"HIF1A",1.4862807572057e-12,0.54689344593918,0.457,0.118,1.4862807572057e-09,"Dendritic cell","HIF1A"
"RGS1",1.54437250433072e-12,0.638164476912363,0.37,0.081,1.54437250433072e-09,"Dendritic cell","RGS1"
"PSAP2",2.07927182093435e-12,0.85995059647864,0.674,0.262,2.07927182093435e-09,"Dendritic cell","PSAP"
"TALDO1",1.05906137126478e-11,0.500281274797718,0.283,0.054,1.05906137126478e-08,"Dendritic cell","TALDO1"
"PLEKHO1",1.14197200103775e-11,0.5531634162605,0.326,0.07,1.14197200103775e-08,"Dendritic cell","PLEKHO1"
"GSTO1",1.63278357769758e-11,0.414124631048004,0.283,0.053,1.63278357769758e-08,"Dendritic cell","GSTO1"
"GPR183",1.66810058017024e-11,0.83183994543446,0.413,0.111,1.66810058017024e-08,"Dendritic cell","GPR183"
"MIS18BP1",2.3066529265038e-11,0.536782871873756,0.413,0.108,2.3066529265038e-08,"Dendritic cell","MIS18BP1"
"RHOC",8.02509236124287e-11,0.323779789151152,0.261,0.048,8.02509236124287e-08,"Dendritic cell","RHOC"
"WARS1",1.20940759356455e-10,0.33911569835287,0.283,0.057,1.20940759356455e-07,"Dendritic cell","WARS"
"TIMP11",1.33683484705028e-10,0.468878414401471,0.326,0.075,1.33683484705028e-07,"Dendritic cell","TIMP1"
"NR4A2",2.30187767685659e-10,0.608790505023139,0.391,0.106,2.30187767685659e-07,"Dendritic cell","NR4A2"
"NMI",1.20007802588836e-09,0.267136171985427,0.261,0.053,1.20007802588836e-06,"Dendritic cell","NMI"
"NAMPT1",3.06163961446394e-09,0.429008110405254,0.283,0.065,3.06163961446394e-06,"Dendritic cell","NAMPT"
"SERPINB1",5.73192529059495e-09,0.578251752160623,0.37,0.112,5.73192529059495e-06,"Dendritic cell","SERPINB1"
"JMJD1C",8.53099359354813e-09,0.493576732419005,0.435,0.14,8.53099359354813e-06,"Dendritic cell","JMJD1C"
"MX1",1.42227513619676e-08,0.327241043383028,0.304,0.076,1.42227513619676e-05,"Dendritic cell","MX1"
"TPM4",1.42461859131207e-08,0.502102927336334,0.391,0.121,1.42461859131207e-05,"Dendritic cell","TPM4"
"IFITM31",3.6805140063039e-08,0.697093514875371,0.413,0.145,3.6805140063039e-05,"Dendritic cell","IFITM3"
"RAB11FIP1",3.70823493043231e-08,0.448946376767099,0.304,0.082,3.70823493043231e-05,"Dendritic cell","RAB11FIP1"
"FTL1",4.21013591172304e-08,0.936162211763641,0.935,0.809,4.21013591172304e-05,"Dendritic cell","FTL"
"U2AF1",7.45000439772456e-08,0.325577514757215,0.304,0.083,7.45000439772456e-05,"Dendritic cell","U2AF1"
"BOD1L1",9.75495809319565e-08,0.589317671636147,0.391,0.132,9.75495809319565e-05,"Dendritic cell","BOD1L1"
"MEF2C1",1.29216854693198e-07,0.299626840034244,0.283,0.073,0.000129216854693198,"Dendritic cell","MEF2C"
"XAF1",1.37426359039725e-07,0.476485239423335,0.413,0.145,0.000137426359039725,"Dendritic cell","XAF1"
"CHD9",1.47543694792761e-07,0.381925279746682,0.283,0.076,0.000147543694792761,"Dendritic cell","CHD9"
"RILPL2",2.10240245280775e-07,0.453086107128023,0.283,0.077,0.000210240245280775,"Dendritic cell","RILPL2"
"TXN",1.01611663340256e-06,0.452174346708732,0.391,0.145,0.00101611663340256,"Dendritic cell","TXN"
"SNX3",1.62094113480968e-05,0.925008669948518,0.304,0.114,0.0162094113480968,"Dendritic cell","SNX3"
"MTRNR2L10",2.32033169551819e-05,0.354545738922476,0.565,0.291,0.0232033169551819,"Dendritic cell","MTRNR2L10"
"CD831",6.29604283749936e-05,0.445677493873515,0.261,0.089,0.0629604283749935,"Dendritic cell","CD83"
"HSPD1",9.92375018981364e-05,0.27180530791454,0.304,0.118,0.0992375018981364,"Dendritic cell","HSPD1"
"OSBPL8",0.000566413515652093,0.296116760789624,0.348,0.159,0.566413515652093,"Dendritic cell","OSBPL8"
"DNTTIP2",0.00120174002180412,0.2812514112257,0.37,0.189,1,"Dendritic cell","DNTTIP2"
"BHLHE40",0.00189873132772785,0.400278595343448,0.304,0.148,1,"Dendritic cell","BHLHE40"
"SLTM",0.00203833597817327,0.292175454137808,0.348,0.18,1,"Dendritic cell","SLTM"
"ANXA11",0.00259904660141044,0.409869919675796,0.522,0.331,1,"Dendritic cell","ANXA1"
"EIF2S2",0.0032690209112153,0.259388505882136,0.304,0.152,1,"Dendritic cell","EIF2S2"
"TUBB1",0,2.41966554693692,0.926,0.008,0,"Megakaryocyte","TUBB1"
"SPARC",0,1.50199903371305,0.852,0.005,0,"Megakaryocyte","SPARC"
"SDPR",2.75685146789775e-278,2.40484370591384,0.926,0.011,2.75685146789775e-275,"Megakaryocyte","SDPR"
"C2orf88",1.31720240153898e-267,0.797445375573801,0.519,0.002,1.31720240153898e-264,"Megakaryocyte","C2orf88"
"GP9",3.54343873404984e-265,0.94149399940327,0.556,0.002,3.54343873404984e-262,"Megakaryocyte","GP9"
"HIST1H2AC",4.07699608002557e-251,1.87146493997195,0.852,0.01,4.07699608002557e-248,"Megakaryocyte","HIST1H2AC"
"ACRBP",1.01739817404591e-245,1.07259408939398,0.593,0.003,1.01739817404591e-242,"Megakaryocyte","ACRBP"
"NRGN",3.98263682433162e-243,1.87559619202678,0.963,0.015,3.98263682433162e-240,"Megakaryocyte","NRGN"
"GNG11",1.19504922262823e-234,2.17379748198274,0.926,0.014,1.19504922262823e-231,"Megakaryocyte","GNG11"
"PF4",8.10088194538253e-230,2.9625600294413,1,0.018,8.10088194538253e-227,"Megakaryocyte","PF4"
"PPBP",5.35983570910347e-223,3.19245157045892,0.926,0.015,5.35983570910347e-220,"Megakaryocyte","PPBP"
"NXF3",3.72945065259208e-219,0.885360820670929,0.481,0.002,3.72945065259208e-216,"Megakaryocyte","NXF3"
"F13A1",4.01141012513223e-219,0.94149399940327,0.481,0.002,4.01141012513223e-216,"Megakaryocyte","F13A1"
"ENKUR",4.74564253472725e-219,0.765066586953218,0.481,0.002,4.74564253472725e-216,"Megakaryocyte","ENKUR"
"PRKAR2B",1.02382207016016e-207,0.853064975776431,0.556,0.004,1.02382207016016e-204,"Megakaryocyte","PRKAR2B"
"PTCRA",9.5334759406722e-200,0.702739055192512,0.37,0.001,9.5334759406722e-197,"Megakaryocyte","PTCRA"
"HIST1H3H",9.16152715926661e-199,0.666418758218438,0.481,0.003,9.16152715926661e-196,"Megakaryocyte","HIST1H3H"
"CLU",1.75025742136541e-197,1.89247021495203,0.815,0.013,1.75025742136541e-194,"Megakaryocyte","CLU"
"SMOX",1.60712046541936e-166,0.453663050519317,0.296,0.001,1.60712046541936e-163,"Megakaryocyte","SMOX"
"HRAT92",5.01988044406618e-162,0.599056635514288,0.37,0.002,5.01988044406618e-159,"Megakaryocyte","HRAT92"
"RGS18",8.72374781695821e-162,1.74716136127209,0.667,0.011,8.72374781695821e-159,"Megakaryocyte","RGS18"
"TREML1",6.44447455674304e-150,0.411880122596944,0.333,0.002,6.44447455674304e-147,"Megakaryocyte","TREML1"
"HIST1H2BJ",3.95541732340151e-140,0.527807970987555,0.333,0.002,3.95541732340151e-137,"Megakaryocyte","HIST1H2BJ"
"DAB2",1.19734403228401e-137,0.791596299877114,0.444,0.005,1.19734403228401e-134,"Megakaryocyte","DAB2"
"C6orf25",4.95223194604743e-128,0.702288142533461,0.296,0.002,4.95223194604743e-125,"Megakaryocyte","C6orf25"
"MYL9",1.20643062014896e-127,0.453211855819506,0.259,0.001,1.20643062014896e-124,"Megakaryocyte","MYL9"
"TMEM40",9.62940833069552e-119,0.451859117754257,0.296,0.002,9.62940833069552e-116,"Megakaryocyte","TMEM40"
"ESAM",4.30718801813003e-116,0.565235531442577,0.259,0.001,4.30718801813003e-113,"Megakaryocyte","ESAM"
"FRMD3",4.73313969943962e-116,0.565235531442577,0.259,0.001,4.73313969943962e-113,"Megakaryocyte","FRMD3"
"TSC22D1",4.51530873371968e-110,1.13628485969812,0.519,0.01,4.51530873371968e-107,"Megakaryocyte","TSC22D1"
"MAP3K7CL",4.58958400954166e-101,1.00941463506946,0.519,0.011,4.58958400954166e-98,"Megakaryocyte","MAP3K7CL"
"ITGA2B",2.94212590361075e-92,0.526006291027033,0.296,0.003,2.94212590361075e-89,"Megakaryocyte","ITGA2B"
"TRIM58",1.82752157931089e-80,0.59455945281756,0.333,0.005,1.82752157931089e-77,"Megakaryocyte","TRIM58"
"AP003068.23",2.802615429566e-75,0.486732152832666,0.296,0.004,2.802615429566e-72,"Megakaryocyte","AP003068.23"
"RUFY1",3.06062157447741e-61,1.2069078413338,0.667,0.037,3.06062157447741e-58,"Megakaryocyte","RUFY1"
"SLC40A1",3.7052308948544e-61,0.483140006461735,0.296,0.006,3.7052308948544e-58,"Megakaryocyte","SLC40A1"
"LIMS1",4.52873651784638e-57,1.7544272085644,0.704,0.046,4.52873651784638e-54,"Megakaryocyte","LIMS1"
"PGRMC1",7.26031458883713e-57,0.766226644963081,0.519,0.023,7.26031458883713e-54,"Megakaryocyte","PGRMC1"
"MPP1",4.38712580608763e-48,0.617252038677662,0.37,0.013,4.38712580608763e-45,"Megakaryocyte","MPP1"
"GRAP2",3.60340867092056e-46,0.923067339765136,0.667,0.049,3.60340867092056e-43,"Megakaryocyte","GRAP2"
"VCL",3.03203817740594e-43,1.15581806712922,0.667,0.054,3.03203817740594e-40,"Megakaryocyte","VCL"
"MTURN",6.98445905166896e-42,0.598231101876668,0.444,0.023,6.98445905166896e-39,"Megakaryocyte","MTURN"
"TMEM140",2.84167851550626e-37,0.480451754054929,0.259,0.008,2.84167851550626e-34,"Megakaryocyte","TMEM140"
"MMD",1.63830878321797e-34,0.607489069737764,0.37,0.02,1.63830878321797e-31,"Megakaryocyte","MMD"
"YWHAH",1.41251993417749e-32,0.913326706275463,0.481,0.037,1.41251993417749e-29,"Megakaryocyte","YWHAH"
"TPM41",7.38344574974732e-32,1.29863087110555,0.815,0.119,7.38344574974733e-29,"Megakaryocyte","TPM4"
"RGS101",6.30877441673641e-28,1.12704807124555,0.741,0.109,6.30877441673641e-25,"Megakaryocyte","RGS10"
"NCOA4",1.50497018958494e-24,0.840638110673517,0.556,0.065,1.50497018958494e-21,"Megakaryocyte","NCOA4"
"FERMT3",2.67708550681703e-24,1.13018205069097,0.63,0.088,2.67708550681703e-21,"Megakaryocyte","FERMT3"
"CTSA",3.59211235015273e-23,0.640080064973215,0.444,0.044,3.59211235015273e-20,"Megakaryocyte","CTSA"
"ENDOD1",1.42938964810357e-22,0.390413712310021,0.259,0.015,1.42938964810357e-19,"Megakaryocyte","ENDOD1"
"CDKN1A",3.82085531487415e-20,0.440717739033459,0.333,0.028,3.82085531487415e-17,"Megakaryocyte","CDKN1A"
"TUBA4A",6.46777262052586e-19,1.08258169248757,0.593,0.101,6.46777262052586e-16,"Megakaryocyte","TUBA4A"
"LMNA1",4.50260771472481e-18,0.535180905738628,0.37,0.039,4.50260771472481e-15,"Megakaryocyte","LMNA"
"ODC1",1.0672238089919e-16,0.525731842219751,0.407,0.05,1.0672238089919e-13,"Megakaryocyte","ODC1"
"TALDO11",4.07924104381643e-15,0.441644795348916,0.407,0.054,4.07924104381643e-12,"Megakaryocyte","TALDO1"
"GSTO11",1.21781702153304e-12,0.40544436798238,0.37,0.054,1.21781702153304e-09,"Megakaryocyte","GSTO1"
"ICAM2",2.53092366262094e-12,0.47210878165027,0.296,0.037,2.53092366262094e-09,"Megakaryocyte","ICAM2"
"TIMP12",6.12969061401079e-11,0.565604564836225,0.407,0.076,6.12969061401079e-08,"Megakaryocyte","TIMP1"
"MAX",2.95205861695016e-09,0.510057269787716,0.444,0.102,2.95205861695016e-06,"Megakaryocyte","MAX"
"SOD2",2.95196102020977e-07,0.35205146761951,0.37,0.086,0.000295196102020977,"Megakaryocyte","SOD2"
"PLEKHO11",7.54706054750738e-06,0.373920279648851,0.296,0.072,0.00754706054750738,"Megakaryocyte","PLEKHO1"
"KIF2A",8.84353504928595e-06,0.510514956255405,0.407,0.131,0.00884353504928595,"Megakaryocyte","KIF2A"
"SERPINF1",4.81883526588432e-147,0.802845087060127,0.357,0.002,4.81883526588432e-144,"Plasmacytoid dendritic cell","SERPINF1"
"PLD4",4.89254689335093e-97,0.820778139514372,0.464,0.009,4.89254689335093e-94,"Plasmacytoid dendritic cell","PLD4"
"JCHAIN",4.85601731376127e-81,0.722602498701783,0.464,0.012,4.85601731376127e-78,"Plasmacytoid dendritic cell","JCHAIN"
"IRF82",4.74624098117445e-69,1.54335586659408,0.821,0.054,4.74624098117445e-66,"Plasmacytoid dendritic cell","IRF8"
"TCF4",1.88899364235616e-65,1.43676085825678,0.75,0.046,1.88899364235616e-62,"Plasmacytoid dendritic cell","TCF4"
"C1orf186",1.5955420984817e-58,0.578652671677468,0.25,0.004,1.5955420984817e-55,"Plasmacytoid dendritic cell","C1orf186"
"CCDC88A2",9.25637149068171e-56,1.28335885776074,0.75,0.054,9.25637149068171e-53,"Plasmacytoid dendritic cell","CCDC88A"
"APP",5.61886915197561e-51,0.851677652414411,0.5,0.025,5.61886915197561e-48,"Plasmacytoid dendritic cell","APP"
"MZB1",2.0514277171798e-49,0.62079995201943,0.429,0.018,2.0514277171798e-46,"Plasmacytoid dendritic cell","MZB1"
"CCDC50",2.2619433707657e-40,1.27348631942428,0.75,0.076,2.2619433707657e-37,"Plasmacytoid dendritic cell","CCDC50"
"IRF4",6.30782959979612e-39,0.739715989681724,0.429,0.024,6.30782959979612e-36,"Plasmacytoid dendritic cell","IRF4"
"CORO1C",1.70110778503407e-32,0.379688936765305,0.286,0.013,1.70110778503407e-29,"Plasmacytoid dendritic cell","CORO1C"
"MPEG11",1.5586831280783e-23,0.483296428269495,0.286,0.018,1.5586831280783e-20,"Plasmacytoid dendritic cell","MPEG1"
"CST32",1.23697956138597e-21,0.927232499780995,0.607,0.088,1.23697956138597e-18,"Plasmacytoid dendritic cell","CST3"
"IGKC1",2.10111306929303e-21,0.873940313909322,0.679,0.104,2.10111306929303e-18,"Plasmacytoid dendritic cell","IGKC"
"EIF4A3",2.14698520691805e-17,0.570060458636281,0.321,0.032,2.14698520691805e-14,"Plasmacytoid dendritic cell","EIF4A3"
"GRN1",8.64421999476641e-17,0.421793886713168,0.321,0.032,8.64421999476641e-14,"Plasmacytoid dendritic cell","GRN"
"RAB11FIP11",5.15443385464553e-16,0.700805632726186,0.5,0.081,5.15443385464553e-13,"Plasmacytoid dendritic cell","RAB11FIP1"
"KLF101",4.94923237810458e-12,0.524502406144192,0.357,0.056,4.94923237810458e-09,"Plasmacytoid dendritic cell","KLF10"
"HLA-DRA2",5.75198292729479e-12,0.662403264906817,0.786,0.221,5.75198292729479e-09,"Plasmacytoid dendritic cell","HLA-DRA"
"MEF2C2",1.74488846634062e-10,0.498403320659704,0.393,0.073,1.74488846634062e-07,"Plasmacytoid dendritic cell","MEF2C"
"NCF1",1.40953765136677e-09,0.576834504493246,0.286,0.046,1.40953765136677e-06,"Plasmacytoid dendritic cell","NCF1"
"HLA-DRB12",5.32290036009679e-09,0.887220301019003,0.75,0.289,5.32290036009679e-06,"Plasmacytoid dendritic cell","HLA-DRB1"
"SYK1",5.55000567852041e-09,0.412268254598473,0.25,0.037,5.55000567852041e-06,"Plasmacytoid dendritic cell","SYK"
"ALOX5AP1",6.68799815728964e-09,0.551937615689897,0.464,0.114,6.68799815728964e-06,"Plasmacytoid dendritic cell","ALOX5AP"
"TXN1",9.50387896680908e-09,0.824273414853504,0.5,0.146,9.50387896680908e-06,"Plasmacytoid dendritic cell","TXN"
"STMN1",5.56797908903582e-08,0.561057868327541,0.25,0.043,5.56797908903582e-05,"Plasmacytoid dendritic cell","STMN1"
"GZMB2",5.47237270720097e-07,0.812313947943177,0.643,0.251,0.000547237270720097,"Plasmacytoid dendritic cell","GZMB"
"CD742",7.94476449616764e-07,0.674737190356794,0.857,0.458,0.000794476449616764,"Plasmacytoid dendritic cell","CD74"
"HLA-DMA2",2.97943564040923e-06,0.350784098189083,0.321,0.079,0.00297943564040923,"Plasmacytoid dendritic cell","HLA-DMA"
"U2AF11",1.07845615933383e-05,0.271344960284862,0.321,0.084,0.0107845615933383,"Plasmacytoid dendritic cell","U2AF1"
"MX11",2.05613222052927e-05,0.457926773355463,0.286,0.078,0.0205613222052927,"Plasmacytoid dendritic cell","MX1"
"GOLGA4",2.56696926104087e-05,0.416708347425926,0.393,0.128,0.0256696926104087,"Plasmacytoid dendritic cell","GOLGA4"
"ANKRD11",3.75737205865833e-05,0.382765774524262,0.464,0.169,0.0375737205865833,"Plasmacytoid dendritic cell","ANKRD11"
"DSTN1",4.06550815690949e-05,0.547303861233775,0.464,0.185,0.0406550815690949,"Plasmacytoid dendritic cell","DSTN"
"RGS22",0.000198928341723894,0.854263057105676,0.357,0.132,0.198928341723894,"Plasmacytoid dendritic cell","RGS2"
"CHD91",0.000703829087603133,0.259430281662397,0.25,0.077,0.703829087603133,"Plasmacytoid dendritic cell","CHD9"
"JMJD1C1",0.000758682506702831,0.364483147675042,0.357,0.142,0.758682506702831,"Plasmacytoid dendritic cell","JMJD1C"
"C12orf751",0.00142532994063732,0.307175160863277,0.357,0.146,1,"Plasmacytoid dendritic cell","C12orf75"
"STAT1",0.00145659114520751,0.254936537281659,0.25,0.083,1,"Plasmacytoid dendritic cell","STAT1"
"CCDC186",0.002725930639986,0.254775538381729,0.286,0.108,1,"Plasmacytoid dendritic cell","CCDC186"
"OFD1",0.00285015103454979,0.376651443667357,0.321,0.135,1,"Plasmacytoid dendritic cell","OFD1"
"FERMT31",0.0031522544612588,0.252898544230664,0.25,0.091,1,"Plasmacytoid dendritic cell","FERMT3"
