"","time_info"
"H9_00hb4s_001","00h"
"H9_00hb4s_002","00h"
"H9_00hb4s_003","00h"
"H9_00hb4s_004","00h"
"H9_00hb4s_005","00h"
"H9_00hb4s_006","00h"
"H9_00hb4s_007","00h"
"H9_00hb4s_008","00h"
"H9_00hb4s_009","00h"
"H9_00hb4s_010","00h"
"H9_00hb4s_011","00h"
"H9_00hb4s_012","00h"
"H9_00hb4s_013","00h"
"H9_00hb4s_015","00h"
"H9_00hb4s_016","00h"
"H9_00hb4s_017","00h"
"H9_00hb4s_018","00h"
"H9_00hb4s_019","00h"
"H9_00hb4s_020","00h"
"H9_00hb4s_021","00h"
"H9_00hb4s_022","00h"
"H9_00hb4s_023","00h"
"H9_00hb4s_024","00h"
"H9_00hb4s_025","00h"
"H9_00hb4s_026","00h"
"H9_00hb4s_027","00h"
"H9_00hb4s_028","00h"
"H9_00hb4s_029","00h"
"H9_00hb4s_030","00h"
"H9_00hb4s_031","00h"
"H9_00hb4s_032","00h"
"H9_00hb4s_033","00h"
"H9_00hb4s_034","00h"
"H9_00hb4s_035","00h"
"H9_00hb4s_036","00h"
"H9_00hb4s_037","00h"
"H9_00hb4s_038","00h"
"H9_00hb4s_039","00h"
"H9_00hb4s_040","00h"
"H9_00hb4s_041","00h"
"H9_00hb4s_043","00h"
"H9_00hb4s_044","00h"
"H9_00hb4s_045","00h"
"H9_00hb4s_046","00h"
"H9_00hb4s_047","00h"
"H9_00hb4s_048","00h"
"H9_00hb4s_050","00h"
"H9_00hb4s_051","00h"
"H9_00hb4s_052","00h"
"H9_00hb4s_053","00h"
"H9_00hb4s_054","00h"
"H9_00hb4s_055","00h"
"H9_00hb4s_056","00h"
"H9_00hb4s_057","00h"
"H9_00hb4s_058","00h"
"H9_00hb4s_059","00h"
"H9_00hb4s_060","00h"
"H9_00hb4s_061","00h"
"H9_00hb4s_062","00h"
"H9_00hb4s_063","00h"
"H9_00hb4s_064","00h"
"H9_00hb4s_065","00h"
"H9_00hb4s_066","00h"
"H9_00hb4s_067","00h"
"H9_00hb4s_068","00h"
"H9_00hb4s_069","00h"
"H9_00hb4s_070","00h"
"H9_00hb4s_071","00h"
"H9_00hb4s_072","00h"
"H9_00hb4s_073","00h"
"H9_00hb4s_074","00h"
"H9_00hb4s_075","00h"
"H9_00hb4s_076","00h"
"H9_00hb4s_077","00h"
"H9_00hb4s_078","00h"
"H9_00hb4s_079","00h"
"H9_00hb4s_080","00h"
"H9_00hb4s_081","00h"
"H9_00hb4s_082","00h"
"H9_00hb4s_083","00h"
"H9_00hb4s_084","00h"
"H9_00hb4s_085","00h"
"H9_00hb4s_086","00h"
"H9_00hb4s_087","00h"
"H9_00hb4s_088","00h"
"H9_00hb4s_089","00h"
"H9_00hb4s_090","00h"
"H9_00hb4s_091","00h"
"H9_00hb4s_092","00h"
"H9_00hb4s_094","00h"
"H9_00hb4s_095","00h"
"H9_00hb4s_096","00h"
"H9_12h_001","12h"
"H9_12h_002","12h"
"H9_12h_003","12h"
"H9_12h_004","12h"
"H9_12h_005","12h"
"H9_12h_006","12h"
"H9_12h_007","12h"
"H9_12h_008","12h"
"H9_12h_009","12h"
"H9_12h_010","12h"
"H9_12h_011","12h"
"H9_12h_012","12h"
"H9_12h_013","12h"
"H9_12h_014","12h"
"H9_12h_015","12h"
"H9_12h_016","12h"
"H9_12h_017","12h"
"H9_12h_018","12h"
"H9_12h_019","12h"
"H9_12h_021","12h"
"H9_12h_022","12h"
"H9_12h_023","12h"
"H9_12h_024","12h"
"H9_12h_025","12h"
"H9_12h_026","12h"
"H9_12h_027","12h"
"H9_12h_029","12h"
"H9_12h_030","12h"
"H9_12h_031","12h"
"H9_12h_032","12h"
"H9_12h_033","12h"
"H9_12h_034","12h"
"H9_12h_038","12h"
"H9_12h_039","12h"
"H9_12h_040","12h"
"H9_12h_041","12h"
"H9_12h_042","12h"
"H9_12h_043","12h"
"H9_12h_044","12h"
"H9_12h_045","12h"
"H9_12h_046","12h"
"H9_12h_048","12h"
"H9_12h_051","12h"
"H9_12h_052","12h"
"H9_12h_053","12h"
"H9_12h_054","12h"
"H9_12h_055","12h"
"H9_12h_056","12h"
"H9_12h_057","12h"
"H9_12h_058","12h"
"H9_12h_059","12h"
"H9_12h_060","12h"
"H9_12h_061","12h"
"H9_12h_062","12h"
"H9_12h_063","12h"
"H9_12h_064","12h"
"H9_12h_065","12h"
"H9_12h_066","12h"
"H9_12h_067","12h"
"H9_12h_068","12h"
"H9_12h_069","12h"
"H9_12h_070","12h"
"H9_12h_071","12h"
"H9_12h_072","12h"
"H9_12h_073","12h"
"H9_12h_074","12h"
"H9_12h_075","12h"
"H9_12h_076","12h"
"H9_12h_077","12h"
"H9_12h_078","12h"
"H9_12h_079","12h"
"H9_12h_080","12h"
"H9_12h_081","12h"
"H9_12h_082","12h"
"H9_12h_083","12h"
"H9_12h_084","12h"
"H9_12h_085","12h"
"H9_12h_086","12h"
"H9_12h_087","12h"
"H9_12h_088","12h"
"H9_12h_089","12h"
"H9_12h_090","12h"
"H9_12h_091","12h"
"H9_12h_092","12h"
"H9_12h_093","12h"
"H9_12h_094","12h"
"H9_12h_095","12h"
"H9_12h_096","12h"
"H9_12h_097","12h"
"H9_12h_098","12h"
"H9_12h_099","12h"
"H9_12h_100","12h"
"H9_12h_101","12h"
"H9_12h_102","12h"
"H9_12h_103","12h"
"H9_12h_104","12h"
"H9_12h_105","12h"
"H9_12h_106","12h"
"H9_12h_107","12h"
"H9_12h_108","12h"
"H9_12h_109","12h"
"H9_12h_110","12h"
"H9_24h_013","24h"
"H9_24h_014","24h"
"H9_24h_015","24h"
"H9_24h_016","24h"
"H9_24h_017","24h"
"H9_24h_018","24h"
"H9_24h_019","24h"
"H9_24h_020","24h"
"H9_24h_021","24h"
"H9_24h_022","24h"
"H9_24h_023","24h"
"H9_24h_024","24h"
"H9_24h_025","24h"
"H9_24h_026","24h"
"H9_24h_027","24h"
"H9_24h_028","24h"
"H9_24h_029","24h"
"H9_24h_030","24h"
"H9_24h_031","24h"
"H9_24h_032","24h"
"H9_24h_033","24h"
"H9_24h_034","24h"
"H9_24h_035","24h"
"H9_24h_036","24h"
"H9_24h_037","24h"
"H9_24h_038","24h"
"H9_24h_039","24h"
"H9_24h_040","24h"
"H9_24h_041","24h"
"H9_24h_042","24h"
"H9_24h_043","24h"
"H9_24h_044","24h"
"H9_24h_045","24h"
"H9_24h_046","24h"
"H9_24h_047","24h"
"H9_24h_048","24h"
"H9_24h_049","24h"
"H9_24h_050","24h"
"H9_24h_051","24h"
"H9_24h_052","24h"
"H9_24h_053","24h"
"H9_24h_054","24h"
"H9_24h_055","24h"
"H9_24h_056","24h"
"H9_24h_057","24h"
"H9_24h_058","24h"
"H9_24h_059","24h"
"H9_24h_060","24h"
"H9_24h_061","24h"
"H9_24h_062","24h"
"H9_24h_063","24h"
"H9_24h_064","24h"
"H9_24h_065","24h"
"H9_24h_066","24h"
"H9_24h_067","24h"
"H9_24h_068","24h"
"H9_24h_069","24h"
"H9_24h_070","24h"
"H9_24h_071","24h"
"H9_24h_072","24h"
"H9_24h_073","24h"
"H9_24h_074","24h"
"H9_24h_075","24h"
"H9_24h_076","24h"
"H9_24h_077","24h"
"H9_24h_078","24h"
"H9_36h_001","36h"
"H9_36h_002","36h"
"H9_36h_003","36h"
"H9_36h_004","36h"
"H9_36h_005","36h"
"H9_36h_006","36h"
"H9_36h_007","36h"
"H9_36h_008","36h"
"H9_36h_009","36h"
"H9_36h_010","36h"
"H9_36h_011","36h"
"H9_36h_012","36h"
"H9_36h_013","36h"
"H9_36h_014","36h"
"H9_36h_015","36h"
"H9_36h_016","36h"
"H9_36h_017","36h"
"H9_36h_018","36h"
"H9_36h_019","36h"
"H9_36h_020","36h"
"H9_36h_022","36h"
"H9_36h_023","36h"
"H9_36h_024","36h"
"H9_36h_025","36h"
"H9_36h_026","36h"
"H9_36h_027","36h"
"H9_36h_028","36h"
"H9_36h_029","36h"
"H9_36h_030","36h"
"H9_36h_031","36h"
"H9_36h_033","36h"
"H9_36h_034","36h"
"H9_36h_035","36h"
"H9_36h_036","36h"
"H9_36h_037","36h"
"H9_36h_038","36h"
"H9_36h_040","36h"
"H9_36h_041","36h"
"H9_36h_042","36h"
"H9_36h_043","36h"
"H9_36h_044","36h"
"H9_36h_045","36h"
"H9_36h_046","36h"
"H9_36h_047","36h"
"H9_36h_048","36h"
"H9_36h_049","36h"
"H9_36h_050","36h"
"H9_36h_051","36h"
"H9_36h_052","36h"
"H9_36h_053","36h"
"H9_36h_054","36h"
"H9_36h_055","36h"
"H9_36h_056","36h"
"H9_36h_057","36h"
"H9_36h_058","36h"
"H9_36h_059","36h"
"H9_36h_060","36h"
"H9_36h_061","36h"
"H9_36h_062","36h"
"H9_36h_063","36h"
"H9_36h_064","36h"
"H9_36h_065","36h"
"H9_36h_066","36h"
"H9_36h_067","36h"
"H9_36h_068","36h"
"H9_36h_070","36h"
"H9_36h_071","36h"
"H9_36h_072","36h"
"H9_36h_073","36h"
"H9_36h_074","36h"
"H9_36h_075","36h"
"H9_36h_076","36h"
"H9_36h_077","36h"
"H9_36h_078","36h"
"H9_36h_079","36h"
"H9_36h_080","36h"
"H9_36h_081","36h"
"H9_36h_082","36h"
"H9_36h_083","36h"
"H9_36h_084","36h"
"H9_36h_085","36h"
"H9_36h_086","36h"
"H9_36h_087","36h"
"H9_36h_088","36h"
"H9_36h_089","36h"
"H9_36h_090","36h"
"H9_36h_091","36h"
"H9_36h_092","36h"
"H9_36h_093","36h"
"H9_36h_094","36h"
"H9_36h_095","36h"
"H9_36h_096","36h"
"H9_36h_097","36h"
"H9_36h_098","36h"
"H9_36h_099","36h"
"H9_36h_100","36h"
"H9_36h_101","36h"
"H9_36h_102","36h"
"H9_36h_103","36h"
"H9_36h_104","36h"
"H9_36h_105","36h"
"H9_36h_106","36h"
"H9_36h_107","36h"
"H9_36h_108","36h"
"H9_36h_109","36h"
"H9_36h_110","36h"
"H9_36h_111","36h"
"H9_36h_112","36h"
"H9_36h_113","36h"
"H9_36h_114","36h"
"H9_36h_115","36h"
"H9_36h_116","36h"
"H9_36h_117","36h"
"H9_36h_118","36h"
"H9_36h_119","36h"
"H9_36h_120","36h"
"H9_36h_121","36h"
"H9_36h_122","36h"
"H9_36h_123","36h"
"H9_36h_124","36h"
"H9_36h_125","36h"
"H9_36h_126","36h"
"H9_36h_127","36h"
"H9_36h_128","36h"
"H9_36h_129","36h"
"H9_36h_130","36h"
"H9_36h_131","36h"
"H9_36h_132","36h"
"H9_36h_133","36h"
"H9_36h_134","36h"
"H9_36h_135","36h"
"H9_36h_136","36h"
"H9_36h_137","36h"
"H9_36h_138","36h"
"H9_36h_139","36h"
"H9_36h_140","36h"
"H9_36h_141","36h"
"H9_36h_142","36h"
"H9_36h_143","36h"
"H9_36h_144","36h"
"H9_36h_145","36h"
"H9_36h_146","36h"
"H9_36h_147","36h"
"H9_36h_148","36h"
"H9_36h_149","36h"
"H9_36h_150","36h"
"H9_36h_151","36h"
"H9_36h_152","36h"
"H9_36h_153","36h"
"H9_36h_154","36h"
"H9_36h_155","36h"
"H9_36h_156","36h"
"H9_36h_158","36h"
"H9_36h_159","36h"
"H9_36h_160","36h"
"H9_36h_161","36h"
"H9_36h_162","36h"
"H9_36h_163","36h"
"H9_36h_164","36h"
"H9_36h_165","36h"
"H9_36h_166","36h"
"H9_36h_168","36h"
"H9_36h_170","36h"
"H9_36h_171","36h"
"H9_36h_172","36h"
"H9_36h_173","36h"
"H9_36h_174","36h"
"H9_36h_175","36h"
"H9_36h_176","36h"
"H9_36h_177","36h"
"H9_36h_178","36h"
"H9_36h_179","36h"
"H9_72h_001","72h"
"H9_72h_002","72h"
"H9_72h_003","72h"
"H9_72h_004","72h"
"H9_72h_005","72h"
"H9_72h_006","72h"
"H9_72h_007","72h"
"H9_72h_008","72h"
"H9_72h_009","72h"
"H9_72h_010","72h"
"H9_72h_011","72h"
"H9_72h_012","72h"
"H9_72h_013","72h"
"H9_72h_014","72h"
"H9_72h_015","72h"
"H9_72h_016","72h"
"H9_72h_017","72h"
"H9_72h_018","72h"
"H9_72h_019","72h"
"H9_72h_020","72h"
"H9_72h_021","72h"
"H9_72h_022","72h"
"H9_72h_023","72h"
"H9_72h_024","72h"
"H9_72h_025","72h"
"H9_72h_026","72h"
"H9_72h_027","72h"
"H9_72h_028","72h"
"H9_72h_029","72h"
"H9_72h_030","72h"
"H9_72h_031","72h"
"H9_72h_032","72h"
"H9_72h_033","72h"
"H9_72h_034","72h"
"H9_72h_035","72h"
"H9_72h_036","72h"
"H9_72h_037","72h"
"H9_72h_038","72h"
"H9_72h_039","72h"
"H9_72h_040","72h"
"H9_72h_041","72h"
"H9_72h_042","72h"
"H9_72h_043","72h"
"H9_72h_044","72h"
"H9_72h_045","72h"
"H9_72h_046","72h"
"H9_72h_047","72h"
"H9_72h_048","72h"
"H9_72h_049","72h"
"H9_72h_050","72h"
"H9_72h_051","72h"
"H9_72h_052","72h"
"H9_72h_053","72h"
"H9_72h_054","72h"
"H9_72h_055","72h"
"H9_72h_056","72h"
"H9_72h_057","72h"
"H9_72h_058","72h"
"H9_72h_059","72h"
"H9_72h_060","72h"
"H9_72h_061","72h"
"H9_72h_062","72h"
"H9_72h_063","72h"
"H9_72h_064","72h"
"H9_72h_065","72h"
"H9_72h_066","72h"
"H9_72h_067","72h"
"H9_72h_068","72h"
"H9_72h_069","72h"
"H9_72h_070","72h"
"H9_72h_071","72h"
"H9_72h_072","72h"
"H9_72h_073","72h"
"H9_72h_074","72h"
"H9_72h_075","72h"
"H9_72h_077","72h"
"H9_72h_078","72h"
"H9_72h_079","72h"
"H9_72h_080","72h"
"H9_72h_081","72h"
"H9_72h_082","72h"
"H9_72h_083","72h"
"H9_72h_084","72h"
"H9_72h_085","72h"
"H9_72h_086","72h"
"H9_72h_087","72h"
"H9_72h_088","72h"
"H9_72h_089","72h"
"H9_72h_090","72h"
"H9_72h_091","72h"
"H9_72h_092","72h"
"H9_72h_093","72h"
"H9_72h_094","72h"
"H9_72h_095","72h"
"H9_72h_096","72h"
"H9_72h_097","72h"
"H9_72h_098","72h"
"H9_72h_099","72h"
"H9_72h_100","72h"
"H9_72h_101","72h"
"H9_72h_102","72h"
"H9_72h_103","72h"
"H9_72h_104","72h"
"H9_72h_105","72h"
"H9_72h_106","72h"
"H9_72h_107","72h"
"H9_72h_108","72h"
"H9_72h_109","72h"
"H9_72h_110","72h"
"H9_72h_111","72h"
"H9_72h_112","72h"
"H9_72h_113","72h"
"H9_72h_114","72h"
"H9_72h_115","72h"
"H9_72h_116","72h"
"H9_72h_117","72h"
"H9_72h_118","72h"
"H9_72h_119","72h"
"H9_72h_120","72h"
"H9_72h_121","72h"
"H9_72h_122","72h"
"H9_72h_123","72h"
"H9_72h_124","72h"
"H9_72h_125","72h"
"H9_72h_126","72h"
"H9_72h_127","72h"
"H9_72h_128","72h"
"H9_72h_129","72h"
"H9_72h_130","72h"
"H9_72h_131","72h"
"H9_72h_132","72h"
"H9_72h_133","72h"
"H9_72h_134","72h"
"H9_72h_135","72h"
"H9_72h_137","72h"
"H9_72h_138","72h"
"H9_72h_139","72h"
"H9_72h_140","72h"
"H9_96h_001","96h"
"H9_96h_002","96h"
"H9_96h_003","96h"
"H9_96h_004","96h"
"H9_96h_005","96h"
"H9_96h_006","96h"
"H9_96h_007","96h"
"H9_96h_008","96h"
"H9_96h_009","96h"
"H9_96h_010","96h"
"H9_96h_011","96h"
"H9_96h_012","96h"
"H9_96h_013","96h"
"H9_96h_014","96h"
"H9_96h_015","96h"
"H9_96h_016","96h"
"H9_96h_017","96h"
"H9_96h_018","96h"
"H9_96h_019","96h"
"H9_96h_020","96h"
"H9_96h_021","96h"
"H9_96h_022","96h"
"H9_96h_023","96h"
"H9_96h_024","96h"
"H9_96h_025","96h"
"H9_96h_026","96h"
"H9_96h_027","96h"
"H9_96h_028","96h"
"H9_96h_029","96h"
"H9_96h_030","96h"
"H9_96h_031","96h"
"H9_96h_032","96h"
"H9_96h_033","96h"
"H9_96h_034","96h"
"H9_96h_035","96h"
"H9_96h_036","96h"
"H9_96h_037","96h"
"H9_96h_038","96h"
"H9_96h_039","96h"
"H9_96h_040","96h"
"H9_96h_041","96h"
"H9_96h_042","96h"
"H9_96h_043","96h"
"H9_96h_044","96h"
"H9_96h_045","96h"
"H9_96h_046","96h"
"H9_96h_047","96h"
"H9_96h_048","96h"
"H9_96h_049","96h"
"H9_96h_050","96h"
"H9_96h_051","96h"
"H9_96h_052","96h"
"H9_96h_053","96h"
"H9_96h_054","96h"
"H9_96h_055","96h"
"H9_96h_056","96h"
"H9_96h_057","96h"
"H9_96h_058","96h"
"H9_96h_059","96h"
"H9_96h_060","96h"
"H9_96h_061","96h"
"H9_96h_062","96h"
"H9_96h_063","96h"
"H9_96h_064","96h"
"H9_96h_065","96h"
"H9_96h_066","96h"
"H9_96h_067","96h"
"H9_96h_068","96h"
"H9_96h_069","96h"
"H9_96h_070","96h"
"H9_96h_071","96h"
"H9_96h_072","96h"
"H9_96h_073","96h"
"H9_96h_074","96h"
"H9_96h_075","96h"
"H9_96h_077","96h"
"H9_96h_078","96h"
"H9_96h_079","96h"
"H9_96h_080","96h"
"H9_96h_081","96h"
"H9_96h_082","96h"
"H9_96h_083","96h"
"H9_96h_084","96h"
"H9_96h_085","96h"
"H9_96h_086","96h"
"H9_96h_087","96h"
"H9_96h_088","96h"
"H9_96h_089","96h"
"H9_96h_090","96h"
"H9_96h_091","96h"
"H9_96h_092","96h"
"H9_96h_093","96h"
"H9_96h_094","96h"
"H9_96h_095","96h"
"H9_96h_096","96h"
"H9_96h_097","96h"
"H9_96h_098","96h"
"H9_96h_099","96h"
"H9_96h_100","96h"
"H9_96h_101","96h"
"H9_96h_102","96h"
"H9_96h_103","96h"
"H9_96h_104","96h"
"H9_96h_105","96h"
"H9_96h_106","96h"
"H9_96h_107","96h"
"H9_96h_108","96h"
"H9_96h_109","96h"
"H9_96h_110","96h"
"H9_96h_111","96h"
"H9_96h_112","96h"
"H9_96h_113","96h"
"H9_96h_114","96h"
"H9_96h_115","96h"
"H9_96h_116","96h"
"H9_96h_117","96h"
"H9_96h_118","96h"
"H9_96h_119","96h"
"H9_96h_120","96h"
"H9_96h_121","96h"
"H9_96h_122","96h"
"H9_96h_123","96h"
"H9_96h_124","96h"
"H9_96h_125","96h"
"H9_96h_126","96h"
"H9_96h_127","96h"
"H9_96h_128","96h"
"H9_96h_129","96h"
"H9_96h_130","96h"
"H9_96h_131","96h"
"H9_96h_132","96h"
"H9_96h_133","96h"
"H9_96h_134","96h"
"H9_96h_135","96h"
"H9_96h_136","96h"
"H9_96h_137","96h"
"H9_96h_138","96h"
"H9_96h_139","96h"
"H9_96h_140","96h"
"H9_96h_141","96h"
"H9_96h_142","96h"
"H9_96h_143","96h"
"H9_96h_144","96h"
"H9_96h_145","96h"
"H9_96h_146","96h"
"H9_96h_147","96h"
"H9_96h_148","96h"
"H9_96h_149","96h"
"H9_96h_150","96h"
"H9_96h_151","96h"
"H9_96h_152","96h"
"H9_96h_153","96h"
"H9_96h_154","96h"
"H9_96h_155","96h"
"H9_96h_156","96h"
"H9_96h_157","96h"
"H9_96h_158","96h"
"H9_96h_159","96h"
"H9_96h_160","96h"
"H9_96h_161","96h"
"H9_96h_162","96h"
"H9_96h_163","96h"
"H9_96h_164","96h"
"H9_96h_165","96h"
"H9_96h_166","96h"
"H9_96h_167","96h"
"H9_96h_168","96h"
"H9_96h_169","96h"
"H9_96h_170","96h"
"H9_96h_171","96h"
"H9_96h_173","96h"
"H9_96h_174","96h"
"H9_96h_175","96h"
"H9_96h_176","96h"
"H9_96h_177","96h"
"H9_96h_178","96h"
"H9_96h_179","96h"
"H9_96h_180","96h"
"H9_96h_182","96h"
"H9_96h_183","96h"
"H9_96h_184","96h"
"H9_96h_185","96h"
"H9_96h_186","96h"
"H9_96h_187","96h"
"H9_96h_188","96h"
"H9_96h_189","96h"
"H9_96h_190","96h"
"H9_96h_192","96h"
