"","cluster"
"ABCA1",1
"ABCA8",1
"ABCG2",1
"ACE2",1
"ACOX3",1
"ACTA2",1
"ADAM12",1
"ADAMTS5",1
"AFAP1L2",1
"AKTIP",1
"ALCAM",1
"ALDH1A1",1
"ALDH1A2",1
"ALDH1A3",1
"ALPK2",1
"AMIGO2",1
"ANGPT2",1
"ANKHD1-EIF4EBP3",1
"ANKMY2",1
"ANKRD44",1
"ANKRD46",1
"ANKRD6",1
"ANO5",1
"ANXA1",1
"APLNR",1
"APOBEC3G",1
"AQP1",1
"ARAP2",1
"ARFGAP3",1
"ARHGAP28",1
"ARHGAP29",1
"ARHGDIB",1
"ARID5B",1
"ARL4D",1
"ARL6",1
"ARMCX1",1
"ARMCX3",1
"ARRDC4",1
"ART4",1
"ASB5",1
"ASS1",1
"ATP8B4",1
"B3GNT5",1
"B4GALT4",1
"BCHE",1
"BMI1",1
"BMP2",1
"BMP4",1
"BMP5",1
"BMPER",1
"BMPR1B",1
"BORA",1
"BRMS1L",1
"BTN3A3",1
"C10orf68",1
"C12orf60",1
"C18orf34",1
"C1GALT1C1",1
"C4orf21",1
"C4orf33",1
"C5orf34",1
"C5orf54",1
"C7orf25",1
"C7orf58",1
"C7orf60",1
"C8orf4",1
"C8orf48",1
"C9orf72",1
"C9orf95",1
"CA3",1
"CAB39L",1
"CALCRL",1
"CAPS2",1
"CASQ2",1
"CBLN2",1
"CCDC132",1
"CCDC80",1
"CCDC81",1
"CCIN",1
"CCKBR",1
"CCNA1",1
"CCT6B",1
"CD34",1
"CD44",1
"CD48",1
"CD86",1
"CDH11",1
"CDH13",1
"CDKL2",1
"CEP57L1",1
"CEP70",1
"CER1",1
"CHL1",1
"CHODL",1
"CHRNA1",1
"CKAP2L",1
"CLEC1B",1
"CLGN",1
"CNKSR3",1
"CNOT6L",1
"COBLL1",1
"COL15A1",1
"COL24A1",1
"COL3A1",1
"COL4A1",1
"COL5A2",1
"COL6A3",1
"COLEC12",1
"CP",1
"CPE",1
"CPEB4",1
"CRHBP",1
"CRYZ",1
"CTAGE4",1
"CTSK",1
"CUZD1",1
"CXCR4",1
"CXorf57",1
"CYB5R4",1
"CYP1B1",1
"CYP26A1",1
"DCLRE1A",1
"DDIT4L",1
"DDX60",1
"DEPDC7",1
"DEPTOR",1
"DIRAS3",1
"DKK1",1
"DKK2",1
"DKK4",1
"DLC1",1
"DLX6",1
"DNAJB14",1
"DNAJB9",1
"DOCK11",1
"DUSP10",1
"DUSP4",1
"DYNC2LI1",1
"DYNLT3",1
"EBF2",1
"EDIL3",1
"EFCAB7",1
"EFHC2",1
"EGR2",1
"EIF3CL",1
"ELOVL2",1
"ELTD1",1
"ENC1",1
"ENDOD1",1
"ENPP2",1
"ENPP4",1
"ENPP5",1
"ENTPD3",1
"EPM2A",1
"ERBB4",1
"ERCC-00025",1
"ERCC-00033",1
"ERCC-00053",1
"ERCC-00158",1
"ERCC-00164",1
"ERCC-00168",1
"ERCC-00170",1
"ERCC8",1
"ERG",1
"ERI2",1
"ESR1",1
"ETAA1",1
"F8",1
"FAM173B",1
"FAM177B",1
"FAM184A",1
"FAM18B2-CDRT4",1
"FAM198B",1
"FAM19A2",1
"FAM19A4",1
"FAM214A",1
"FAM218A",1
"FAM46A",1
"FAM69A",1
"FAM82A1",1
"FAM83B",1
"FAM8A1",1
"FAS",1
"FBN1",1
"FBXO3",1
"FCN3",1
"FER",1
"FIBIN",1
"FIGNL1",1
"FLRT3",1
"FOXA1",1
"FPGT",1
"FREM1",1
"FREM3",1
"FRMD4B",1
"FRMPD4",1
"FRZB",1
"FSBP",1
"GAB3",1
"GABRA1",1
"GABRB2",1
"GABRP",1
"GABRR1",1
"GALNT4",1
"GATA6",1
"GATM",1
"GIMAP4",1
"GJA5",1
"GLCCI1",1
"GLIPR2",1
"GNAI1",1
"GNG11",1
"GNG2",1
"GPM6A",1
"GPNMB",1
"GPR22",1
"GPR34",1
"GPR83",1
"GPRASP1",1
"GPRASP2",1
"GPSM2",1
"GRAMD3",1
"GREM1",1
"GRM1",1
"GRPR",1
"GSTT2",1
"GUCY1A2",1
"GUCY1A3",1
"GYPA",1
"GYPB",1
"GYPE",1
"HAND1",1
"HAPLN1",1
"HBP1",1
"HDC",1
"HDX",1
"HECW2",1
"HENMT1",1
"HGD",1
"HGF",1
"HLA-DRB1",1
"HNRNPH2",1
"HOPX",1
"HOXA1",1
"HOXA10",1
"HOXA13",1
"HOXA9",1
"HP",1
"HPCAL4",1
"HPGD",1
"HSD17B11",1
"HSF2",1
"HTN1",1
"HTRA1",1
"IFI16",1
"IGFBP7",1
"IGIP",1
"IL7R",1
"INPP4B",1
"INSIG2",1
"IQUB",1
"IRF8",1
"ITGA4",1
"ITGA5",1
"JAG1",1
"KAT2B",1
"KBTBD10",1
"KBTBD4",1
"KBTBD8",1
"KCNJ13",1
"KCNJ2",1
"KDELR3",1
"KIAA0895",1
"KIFAP3",1
"KIT",1
"KLF3",1
"KLHDC1",1
"KLHL1",1
"KLHL14",1
"KLHL31",1
"KLHL4",1
"KLHL6",1
"KRT222",1
"LCA5",1
"LEPREL1",1
"LGALSL",1
"LGI1",1
"LGR5",1
"LHX1",1
"LIFR",1
"LIG4",1
"LIMCH1",1
"LMO3",1
"LOC100329135",1
"LOX",1
"LPGAT1",1
"LPIN1",1
"LPL",1
"LRP11",1
"LRP1B",1
"LRRC17",1
"LRRC70",1
"LRRCC1",1
"LTBP2",1
"LTK",1
"LUM",1
"LXN",1
"LYRM1",1
"MAGEA4",1
"MAGEE1",1
"MAGI3",1
"MAN1A1",1
"MANEA",1
"MAOA",1
"MAOB",1
"MAP2",1
"MATN3",1
"MB21D2",1
"MCCC1",1
"MEF2C",1
"MEIS1",1
"MEOX1",1
"MEPE",1
"METTL18",1
"MGAT4C",1
"MGLL",1
"MLLT3",1
"MMP1",1
"MMP16",1
"MOSPD2",1
"MPHOSPH9",1
"MTERF",1
"MTERFD3",1
"MTMR6",1
"MTUS1",1
"MUM1L1",1
"MYCT1",1
"MYZAP",1
"N4BP2L1",1
"NAT2",1
"NAV3",1
"NCALD",1
"NDST4",1
"NEK3",1
"NFIB",1
"NID2",1
"NIPSNAP3A",1
"NKAIN2",1
"NKX3-1",1
"NME7",1
"NNMT",1
"NPNT",1
"NPY1R",1
"NPY5R",1
"NRCAM",1
"NRK",1
"NRP1",1
"NRP2",1
"NXPH2",1
"OAS1",1
"OCA2",1
"OGN",1
"OLFM3",1
"OMA1",1
"OMD",1
"OPTC",1
"OR51B4",1
"OR52A1",1
"OR52A5",1
"OTX2",1
"PAH",1
"PAM",1
"PAPOLB",1
"PCDH17",1
"PCDH20",1
"PCDH7",1
"PCDH8",1
"PCDHA10",1
"PCDHA4",1
"PCDHAC2",1
"PDCD4",1
"PDE4B",1
"PDGFD",1
"PDGFRA",1
"PDIK1L",1
"PDK1",1
"PDLIM3",1
"PDZRN4",1
"PELI2",1
"PENK",1
"PEX11B",1
"PHOSPHO2",1
"PHOSPHO2-KLHL23",1
"PHYH",1
"PHYHIPL",1
"PI15",1
"PIBF1",1
"PIGA",1
"PIGN",1
"PIK3CA",1
"PIK3R5",1
"PKDREJ",1
"PKHD1L1",1
"PLA2G4A",1
"PLAT",1
"PLAU",1
"PLCB4",1
"PLD1",1
"PLIN1",1
"PLK2",1
"PLOD2",1
"PLSCR5",1
"PLVAP",1
"PLXNA2",1
"PMP22",1
"POC1B",1
"POSTN",1
"PPP1R14C",1
"PPP1R3C",1
"PRDM1",1
"PRICKLE2",1
"PRKD1",1
"PRMT10",1
"PRR9",1
"PRSS23",1
"PRSS35",1
"PSMA8",1
"PTCD1",1
"PTCHD1",1
"PTGFR",1
"PTPRT",1
"PTX3",1
"PUS7L",1
"QPCT",1
"RAB27B",1
"RAG1",1
"RANBP3L",1
"RASGRP1",1
"RASGRP3",1
"RBM24",1
"RBMS3",1
"RERG",1
"REV3L",1
"RFESD",1
"RFPL2",1
"RFTN2",1
"RGPD1",1
"RGPD2",1
"RGPD6",1
"RGPD8",1
"RGS1",1
"RGS13",1
"RGS2",1
"RGS5",1
"RHAG",1
"RIN2",1
"RIPPLY1",1
"RNASE1",1
"RNASE4",1
"RNASEL",1
"RNFT1",1
"RP1",1
"RSPO2",1
"RSPO3",1
"S1PR1",1
"S1PR3",1
"SAMD3",1
"SAMSN1",1
"SCN2A",1
"SDR16C5",1
"SEMA3E",1
"SEMA4F",1
"SEMA5A",1
"SEMA6D",1
"SEMG1",1
"SEPP1",1
"SERF1A",1
"SERHL2",1
"SERPINB4",1
"SH3GL2",1
"SLA",1
"SLC16A14",1
"SLC17A6",1
"SLC18A2",1
"SLC35A1",1
"SLC35A3",1
"SLC39A2",1
"SLC40A1",1
"SLC46A3",1
"SLC4A4",1
"SLC5A9",1
"SLITRK2",1
"SLITRK6",1
"SLN",1
"SNX14",1
"SOHLH2",1
"SORBS2",1
"SPATA7",1
"SPEF2",1
"SPOCK1",1
"SPTSSB",1
"SRPX2",1
"SSTR1",1
"ST6GALNAC3",1
"ST8SIA1",1
"ST8SIA4",1
"ST8SIA6",1
"STC1",1
"STEAP1",1
"STK31",1
"STMN2",1
"STYK1",1
"SWT1",1
"SYBU",1
"SYCP1",1
"SYCP2",1
"SYNPR",1
"SYT4",1
"SYTL5",1
"TAC1",1
"TARP",1
"TBC1D23",1
"TBX15",1
"TCEAL7",1
"TDRD7",1
"TEK",1
"TEX15",1
"TFPI",1
"TGFB2",1
"TGFBR3",1
"THAP9",1
"THRB",1
"TLR3",1
"TM4SF1",1
"TM4SF18",1
"TMEFF1",1
"TMEM100",1
"TMEM116",1
"TMEM132B",1
"TMEM154",1
"TMEM168",1
"TMEM183A",1
"TMEM200A",1
"TMEM215",1
"TMEM47",1
"TMOD1",1
"TNFAIP6",1
"TNFAIP8",1
"TNFRSF11B",1
"TNFRSF19",1
"TNFSF13B",1
"TNFSF4",1
"TOX3",1
"TP53INP1",1
"TP63",1
"TPH2",1
"TRAM1L1",1
"TRDN",1
"TRHDE",1
"TRIM22",1
"TRIM36",1
"TRPA1",1
"TRPC4",1
"TRPC7",1
"TSPAN2",1
"TSPAN7",1
"TSPYL5",1
"TTC29",1
"TTC30A",1
"TTC39B",1
"TXK",1
"TYRP1",1
"UACA",1
"UNC13C",1
"UNC5D",1
"VAMP7",1
"VN1R1",1
"VWA5A",1
"WISP1",1
"ZAR1L",1
"ZBTB41",1
"ZDHHC21",1
"ZEB1",1
"ZFP1",1
"ZFPM2",1
"ZNF10",1
"ZNF17",1
"ZNF180",1
"ZNF181",1
"ZNF187",1
"ZNF19",1
"ZNF214",1
"ZNF239",1
"ZNF26",1
"ZNF30",1
"ZNF404",1
"ZNF443",1
"ZNF449",1
"ZNF484",1
"ZNF521",1
"ZNF567",1
"ZNF616",1
"ZNF624",1
"ZNF642",1
"ZNF648",1
"ZNF654",1
"ZNF711",1
"ZNF823",1
"ZNF879",1
"ZUFSP",1
"ZXDB",1
"ABI1",2
"ACTC1",2
"ACTR6",2
"ADAM19",2
"AEBP2",2
"AGL",2
"AK4",2
"ALG6",2
"ALKBH1",2
"ANAPC13",2
"ANK2",2
"ANXA2",2
"ANXA3",2
"AP5M1",2
"ARF6",2
"ARL4A",2
"ARL8B",2
"ARMC1",2
"ARMCX2",2
"ARRDC3",2
"ASNS",2
"ASPM",2
"ATG4C",2
"ATRX",2
"AURKA",2
"AXL",2
"BAG3",2
"BAG4",2
"BCAS2",2
"BCL11A",2
"BCLAF1",2
"BET1",2
"BIRC2",2
"BLM",2
"BNC2",2
"BNIP3",2
"BNIP3L",2
"BRCA2",2
"BTBD10",2
"BUB1B",2
"C11orf82",2
"C12orf23",2
"C14orf129",2
"C18orf54",2
"C1GALT1",2
"C1orf112",2
"C3orf58",2
"C5orf43",2
"C6orf211",2
"C9orf135",2
"CA2",2
"CALB1",2
"CAMK2D",2
"CAP2",2
"CASC5",2
"CCBL2",2
"CCDC138",2
"CCDC82",2
"CCDC90B",2
"CCNA2",2
"CCNB1",2
"CCNE2",2
"CD200",2
"CD24",2
"CD9",2
"CDC23",2
"CDCA2",2
"CDH2",2
"CDK1",2
"CDK6",2
"CDKN2AIP",2
"CENPE",2
"CENPF",2
"CENPQ",2
"CFL2",2
"CLDN11",2
"CLDN12",2
"CLDN7",2
"CLDND1",2
"CLK1",2
"CNTNAP2",2
"COCH",2
"COPS3",2
"COPS4",2
"COQ3",2
"COX11",2
"CPD",2
"CPNE8",2
"CSNK1G3",2
"CXADR",2
"DBF4",2
"DCLK1",2
"DCP2",2
"DCTN4",2
"DCUN1D4",2
"DDAH1",2
"DDX20",2
"DEPDC1",2
"DEPDC1B",2
"DLGAP5",2
"DNA2",2
"DNAJC3",2
"DOK5",2
"DPYSL2",2
"DTL",2
"DTWD1",2
"DUSP6",2
"EAF2",2
"ECT2",2
"EFNA5",2
"EGLN3",2
"EIF4E3",2
"ELL2",2
"ELMOD2",2
"EML4",2
"EOMES",2
"EPB41L4B",2
"EPCAM",2
"ERCC-00002",2
"ERCC-00003",2
"ERCC-00004",2
"ERCC-00009",2
"ERCC-00022",2
"ERCC-00042",2
"ERCC-00043",2
"ERCC-00044",2
"ERCC-00046",2
"ERCC-00060",2
"ERCC-00062",2
"ERCC-00074",2
"ERCC-00092",2
"ERCC-00095",2
"ERCC-00096",2
"ERCC-00108",2
"ERCC-00111",2
"ERCC-00113",2
"ERCC-00130",2
"ERCC-00136",2
"ERCC-00145",2
"ERCC-00171",2
"ERCC6L",2
"ESCO2",2
"ESRP1",2
"ETNK1",2
"EXO1",2
"EXOC5",2
"EXTL2",2
"FABP5",2
"FAM117B",2
"FAM208A",2
"FAM35A",2
"FAR1",2
"FARSB",2
"FASTKD2",2
"FASTKD3",2
"FASTKD5",2
"FGF12",2
"FGF13",2
"FMR1",2
"FN1",2
"FZD5",2
"GCA",2
"GDAP1",2
"GDF3",2
"GLDC",2
"GMFB",2
"GOLT1B",2
"GPC6",2
"GPR160",2
"GPR89A",2
"HAS2",2
"HAUS6",2
"HDHD2",2
"HIBCH",2
"HLTF",2
"HMGN4",2
"HMMR",2
"HS6ST2",2
"IARS",2
"ID2",2
"IDE",2
"IDI1",2
"IFITM1",2
"IGDCC4",2
"IL6ST",2
"IMPAD1",2
"ITGA6",2
"ITM2A",2
"KAT7",2
"KBTBD2",2
"KIAA0528",2
"KIAA1467",2
"KIAA1524",2
"KIF18A",2
"KIF23",2
"KLHL12",2
"KPNA2",2
"L1TD1",2
"LCLAT1",2
"LECT1",2
"MAD2L1",2
"MAL2",2
"MALT1",2
"MAP1B",2
"MAP4K3",2
"MARCH7",2
"MBOAT1",2
"MED21",2
"MFAP4",2
"MIER1",2
"MOB3B",2
"MOSPD1",2
"MRS2",2
"MTERFD1",2
"MTMR2",2
"NAA15",2
"NAMPT",2
"NANOG",2
"NAP1L2",2
"NAP1L3",2
"NBN",2
"NCAPG",2
"NDC80",2
"NDUFC2-KCTD14",2
"NLGN4X",2
"NMD3",2
"NODAL",2
"NOL11",2
"NTS",2
"NUCB2",2
"NUP35",2
"NUP54",2
"NUSAP1",2
"NXT2",2
"OLFML3",2
"ORC5",2
"OTUD6B",2
"P4HA1",2
"PAK1IP1",2
"PAN3",2
"PAPD4",2
"PAPSS1",2
"PARPBP",2
"PERP",2
"PFN2",2
"PHACTR2",2
"PHLDA1",2
"PIP4K2A",2
"PLK4",2
"PLP1",2
"PLS1",2
"PMAIP1",2
"PMEL",2
"PNRC2",2
"PODXL",2
"POLR3G",2
"PON2",2
"PPAT",2
"PPIP5K2",2
"PPM1H",2
"PPP3CA",2
"PPP6C",2
"PPT1",2
"PRICKLE1",2
"PRIM1",2
"PROM1",2
"PRTG",2
"PSAT1",2
"PTBP2",2
"PTGR1",2
"PTPRZ1",2
"RAB18",2
"RAB31",2
"RAD17",2
"RAP2B",2
"RAP2C",2
"RASL11B",2
"RAVER2",2
"RBM18",2
"RCBTB2",2
"RCHY1",2
"RHOBTB3",2
"RICTOR",2
"RINT1",2
"RND3",2
"RNF13",2
"RNF168",2
"RPS6KB1",2
"RRM2B",2
"SACS",2
"SATB1",2
"SC5DL",2
"SCG5",2
"SCOC",2
"SCYL2",2
"SDCBP",2
"SEL1L3",2
"SEMA3A",2
"SEMA6A",2
"SERINC5",2
"SERPINB9",2
"SERPINE2",2
"SFRP1",2
"SFRP2",2
"SGOL2",2
"SH3BGRL",2
"SHISA2",2
"SIRT1",2
"SKA3",2
"SLC16A9",2
"SLC30A7",2
"SLC35A5",2
"SLC38A9",2
"SLC39A10",2
"SLC39A9",2
"SLC6A15",2
"SMAD2",2
"SMARCAD1",2
"SMC6",2
"SMN1",2
"SMN2",2
"SNTB1",2
"SNX2",2
"SOCS2",2
"SOX2",2
"SPP1",2
"STAT1",2
"STRN3",2
"STT3B",2
"STXBP3",2
"SYNC",2
"T",2
"TADA1",2
"TAF9B",2
"TBX3",2
"TCF7L2",2
"TDP2",2
"TFAP2A",2
"TGDS",2
"TGFBR1",2
"TIPIN",2
"TLK1",2
"TMEM106C",2
"TMEM48",2
"TMEM66",2
"TOM1L1",2
"TOP2A",2
"TOX",2
"TPD52",2
"TRIM59",2
"TRNT1",2
"TSN",2
"TTK",2
"TUB",2
"TWF1",2
"TXLNA",2
"TXNDC9",2
"UBE2W",2
"UBXN8",2
"UCHL5",2
"UGP2",2
"USP1",2
"USP44",2
"VASH2",2
"VAT1L",2
"VIM",2
"VRK1",2
"VSIG10",2
"VSNL1",2
"VTA1",2
"WDFY1",2
"WDR75",2
"WNT5A",2
"WWP1",2
"XRCC4",2
"ZC3HAV1",2
"ZCCHC11",2
"ZFYVE16",2
"ZIC3",2
"ZNF12",2
"ZNF143",2
"ZNF165",2
"ZNF268",2
"ZNF302",2
"ZNF354A",2
"ZNF518B",2
"ZNF770",2
"ZW10",2
"ZWINT",2
